record_id,receipt_id,date,merchant,category,amount,currency,amount_status,included_in_totals,source_line
r001,A101,2026-10-01,Metro,Transport,2.90,USD,ok,true,2
r002,A102,2026-10-01,Coffee Corner,Meals,4.50,USD,ok,true,3
r003,A103,2026-10-01,Market Lunch,Meals,12.80,USD,ok,true,4
r004,A104,2026-10-01,Paper Shop,Office,8.00,USD,ok,true,5
r006,A106,2026-10-01,City Taxi,Transport,22.00,USD,ok,true,7
r007,A107,2026-10-01,Paper Shop refund,Office,-5.00,USD,refund,true,8
r008,A108,2026-10-01,Example Hotel,Lodging,120.00,USD,ok,true,9
r009,A109,2026-10-01,Dinner Cafe,Meals,24.60,USD,ok,true,10
r010,A110,2026-10-01,Station Kiosk,Meals,,USD,missing_amount,false,11
